adj_M1,adj_M2,adj_M1M2,unadj_M1,unadj_M2,unadj_M1M2,sample_size,seed
16.0,21.0,25.0,14.0,9.0,5.0,,
16.773819959231915,20.44459932311019,24.89919527947133,19.417085507920888,15.746306144042613,11.291710187681474,100.0,610.0
15.95985296628102,20.846011783414838,24.83285647976816,15.95681390767328,11.07065509053946,7.083810394186138,500.0,610.0
15.906057273445768,20.848681661964143,24.875787640651986,13.915954202031756,8.97332981351338,4.946223834825538,1000.0,610.0
15.957011624141472,21.101715958899923,25.13798936046325,14.27996864553765,9.135264310779199,5.098990909215871,2000.0,610.0
16.089092603621083,21.093595690493274,25.08325945235393,14.74374012295467,9.739237036082478,5.749573274221824,5000.0,610.0
15.575734286406906,22.300929677311863,25.809988294477222,21.324512520708943,14.599317129803985,11.090258512638627,100.0,465.0
16.060319474246796,20.84685589181713,24.805882043569518,15.39391097417792,10.607374556607589,6.648348404855199,500.0,465.0
15.63843056332783,20.81331824020141,24.908316752941957,10.831144344806226,5.656256667932645,1.5612581551920997,1000.0,465.0
16.202064572094343,20.936521452228433,24.98698899352444,14.657003658417779,9.922546778283689,5.87207923698768,2000.0,465.0
16.090644954732454,21.0151213376328,24.998916920553988,14.434986429916947,9.510510047016602,5.526714464095413,5000.0,465.0
15.898150128112334,21.15920304469377,25.326177942658056,17.417569390770772,12.156516474189338,7.989541576225051,100.0,482.0
15.722230835997266,21.076581865931082,25.08712521547973,13.404672361526558,8.050321331592741,4.039777982044093,500.0,482.0
16.041622140454407,20.673823423445562,24.899633834197687,14.926055650892373,10.293854367901218,6.068043957149094,1000.0,482.0
15.891462996808059,21.097560069060954,24.952057477081645,13.07407841181638,7.867981339563485,4.013483931542794,2000.0,482.0
16.011128479715268,21.084925577829388,25.042469042222322,15.903961147006356,10.830164048892236,6.872620584499302,5000.0,482.0
15.895233552643958,19.928967548922742,24.473249953077108,16.39990371663037,12.366169720351586,7.82188731619722,100.0,422.0
15.698801385882298,21.28917959312819,25.02223017895077,12.322460890229706,6.732082682983815,2.9990320971612334,500.0,422.0
15.694465437966372,21.27205113732036,25.07717148836759,10.770332413927498,5.192746714573509,1.3876263635262802,1000.0,422.0
15.909240604604001,20.945527952066932,25.00871213141994,13.844245104279757,8.807957756816826,4.744773577463818,2000.0,422.0
16.01080276837564,20.926483272892888,24.95816970867765,15.101739682923387,10.18605917840614,6.154372742621376,5000.0,422.0
16.430226445837356,19.767633607180784,24.70371002446383,10.798175966872094,7.460768805528666,2.5246923882456187,100.0,198.0
15.239273124781526,21.46099747152806,25.21727730226941,16.75086954240409,10.529145195657556,6.772865364916207,500.0,198.0
15.890095980289708,20.85696379107698,24.931321188051584,16.66665570986369,11.69978789907642,7.625430502101814,1000.0,198.0
15.964778486226322,20.835217629471472,24.92256226050467,12.229679667244007,7.3592405239988565,3.2718958929656594,2000.0,198.0
15.900205930674993,21.13508740762068,24.987315669995816,14.02011591771683,8.785234440771141,4.933006178396006,5000.0,198.0
16.09129634617564,20.80925837919097,24.654378142015013,18.9563992779215,14.238437244906166,10.393317482082125,100.0,842.0
16.17911439050934,20.83429258316471,24.94023181959642,12.39427003588964,7.73909184323427,3.633152606802561,500.0,842.0
15.747322313259744,21.235123441722557,25.07979334533303,15.45966555127282,9.971864422810008,6.127194519199534,1000.0,842.0
16.028839942593464,20.807505063820116,24.832525845621028,15.932982858366962,11.15431773714031,7.129296955339399,2000.0,842.0
16.088476013086563,20.992403237799167,25.01319823433206,13.361718690423494,8.45779146571089,4.436996469177998,5000.0,842.0
16.256979688895612,19.267035152920393,24.23466883777602,8.976991016450476,5.966935552425696,0.9993018675700682,100.0,117.0
16.148227707396515,20.70284544658424,24.834577417012852,16.02803739633179,11.473419657144063,7.341687686715453,500.0,117.0
15.948416542210573,21.4552941243293,25.132806055837648,12.932128380688262,7.425250798569536,3.7477388670611873,1000.0,117.0
15.956719208358301,20.96582473432842,24.908927561926546,16.22330561989093,11.214200093920809,7.271097266322684,2000.0,117.0
16.00411586323009,21.0683814829451,25.064944954604606,13.540572595695679,8.47630697598067,4.4797435043211635,5000.0,117.0
16.21422968857761,20.74269067550953,25.02717536867756,11.464807850690129,6.93634686375821,2.651862170590178,100.0,695.0
16.22521215410554,20.83061515092337,25.060025831185392,14.467398189474373,9.861995192656543,5.632584512394523,500.0,695.0
16.141376718094754,20.916107164002796,24.948049160903395,14.054450376541674,9.279719930633632,5.247777933733033,1000.0,695.0
15.80233278950989,21.072630054078807,24.994580067078736,14.28657771430337,9.016280449734452,5.0943304367345235,2000.0,695.0
15.874697430082712,21.15749347893101,24.980640259357557,14.405095012227214,9.122298963378917,5.299152182952369,5000.0,695.0
16.023049010218244,21.235163945854616,25.478359245822702,26.68012869052007,21.4680137548837,17.224818454915614,100.0,206.0
16.053266147431636,21.067770494040126,25.169027748684,14.477079563499338,9.462575216890848,5.3613179622469715,500.0,206.0
15.722711920984125,21.159046400805472,25.025297410740272,14.60127065626557,9.164936176444222,5.298685166509422,1000.0,206.0
15.883181480674338,21.211190582126157,25.080845244845833,16.107435454121642,10.779426352669823,6.909771689950148,2000.0,206.0
15.954854015077053,20.925720700799616,24.913966906927236,12.841055820157635,7.870189134435073,3.8819429283074527,5000.0,206.0
16.148653916059835,20.6602096837551,25.05682706442885,11.201050877773575,6.689495110078312,2.292877729404559,100.0,223.0
15.739363506626773,20.625110109037664,24.628774700345453,16.16575566596049,11.280009063549599,7.27634447224181,500.0,223.0
16.445930708189778,20.94104713786922,24.89931775419396,11.059240565296463,6.564124135617021,2.605853519292282,1000.0,223.0
16.063416441367103,20.989367485873885,25.04580812233516,11.768282447399741,6.84233140289296,2.7858907664316845,2000.0,223.0
16.138810442244477,20.991448533075477,25.001807259813646,13.678676759167018,8.826038668336018,4.81567994159785,5000.0,223.0
14.748691923886199,21.215714213745223,25.36024542399592,15.413994805239952,8.946972515380928,4.80244130513023,100.0,669.0
15.435112949874537,21.237467495116903,25.072523184212486,11.557890353224288,5.755535807981921,1.9204801188863385,500.0,669.0
16.03319854262714,21.352787632242475,25.172243297900927,13.64206315615995,8.322474066544615,4.5030184008861625,1000.0,669.0
16.15599065967161,20.9221433458531,25.027900683233618,15.702988088854212,10.93683540267272,6.831078065292203,2000.0,669.0
16.000519246694573,20.901474658986068,24.961099429623708,12.800956580877305,7.90000116858581,3.8403763979481695,5000.0,669.0
15.327400810064013,21.459192963720383,25.19305863986972,16.099599598725312,9.967807445068942,6.233941768919607,100.0,314.0
16.33958929985519,21.066954131541003,25.271623602964638,13.162657304851855,8.435292473166044,4.2306230017424085,500.0,314.0
16.10535974010024,20.777975513151006,24.990230025989987,14.511388847204856,9.83877307415409,5.626518561315109,1000.0,314.0
15.96753799711167,21.076244184207056,25.075380264776733,12.068583584433433,6.9598773973380474,2.9607413167683703,2000.0,314.0
15.957514340083904,21.090418626815662,25.019797697563988,14.483303738814577,9.350399452082819,5.421020381334493,5000.0,314.0
15.54572119846646,21.099426051825027,24.651670154709038,9.55043610022971,3.9967312468711427,0.44448714398713207,100.0,837.0
16.048319212152997,21.560387397857298,25.40711875538245,7.9974756658294055,2.4854074801251045,-1.3613238774000465,500.0,837.0
15.942339171335448,21.13166842440647,24.99768896776164,12.355547461570296,7.166218208499274,3.300197665144104,1000.0,837.0
15.940836101102356,21.022894945471826,24.916411672431806,14.046761974732206,8.964703130362736,5.071186403402756,2000.0,837.0
15.980895679577998,20.980656816794628,24.99038467324648,13.498327906876646,8.498566769660016,4.488838913208163,5000.0,837.0
15.636786218372286,20.74841369992764,24.64771278109089,15.841479307331163,10.72985182577581,6.830552744612561,100.0,196.0
16.232563230979757,21.067823680909633,24.956196011568387,13.059648778788407,8.22438832885853,4.336015998199777,500.0,196.0
16.250518602189544,21.09926396759684,25.160554874606916,14.004833632478501,9.156088267071205,5.094797360061129,1000.0,196.0
15.893989885524348,20.782630726007362,24.855689092328838,10.684125741020758,5.795484900537744,1.7224265342162681,2000.0,196.0
16.057649176002286,21.01803975876806,25.023326333711395,16.42887856853757,11.468487985771795,7.463201410828461,5000.0,196.0
15.516503683650647,21.111603233856393,25.090370962144597,11.666637601430011,6.071538051224266,2.0927703229360617,100.0,213.0
16.557097348963666,21.53792611444959,25.33018093439763,15.29267349591779,10.311844730431865,6.519589910483823,500.0,213.0
15.77308810911488,20.890712483042442,24.732467316587083,15.921337511077283,10.803713137149721,6.96195830360508,1000.0,213.0
16.146340002079256,21.0904401825306,25.003957291975247,13.482691706265918,8.538591525814574,4.625074416369927,2000.0,213.0
15.979410189688295,21.0290320917523,25.035913149686827,12.168940327987379,7.119318425923375,3.1124373679888464,5000.0,213.0
16.098003203236814,19.59036055972625,24.05687170457,16.56353266076163,13.071175304272195,8.604664159428445,100.0,738.0
15.711410158514084,21.30032067464834,25.24157263056803,10.50572156173736,4.9168110456031044,0.975559089683415,500.0,738.0
16.00538801047449,20.990263299362887,24.951556086647358,10.171318718394318,5.186443429505921,1.2251506422214504,1000.0,738.0
15.896968294657938,21.1691777678505,24.977344061637794,11.670251750509266,6.398042277316705,2.58987598352941,2000.0,738.0
15.995081625643849,20.986004543247482,25.014958121720177,13.435945972614348,8.445023055010715,4.41606947653802,5000.0,738.0
15.857604173619201,21.644395183885138,25.281892105858226,20.819247239675207,15.03245622940927,11.394959307436181,100.0,147.0
16.39272126268485,21.461113247745004,25.2721611489561,12.803636853511833,7.73524486845168,3.924196967240583,500.0,147.0
16.15567618463455,20.924958250137948,24.84008401556104,12.627798494043297,7.8585164285399,3.9433906631168085,1000.0,147.0
16.05643230887884,20.909850071622706,24.944110166106483,15.082887316639379,10.229469553895512,6.1952094594117355,2000.0,147.0
15.903058611368714,20.993059603501024,24.984169176959682,15.693443822510083,10.603442830377773,6.612333256919115,5000.0,147.0
14.974499487548506,21.286792681357348,25.142030164596385,12.13001385048456,5.817720656675718,1.9624831734366808,100.0,173.0
16.25716536605035,20.65472964478746,24.69162864710801,12.419298719449898,8.021734440712791,3.9848354383922384,500.0,173.0
15.887723410210484,20.928692269072762,24.951822609061246,15.935037299473478,10.8940684406112,6.870938100622716,1000.0,173.0
16.066710391069094,21.2856340298991,25.078187078078123,12.29528008702048,7.076356448190474,3.2838034000114504,2000.0,173.0
15.921720917825581,21.216579582232242,25.073938181777365,14.93579864941151,9.640939985004849,5.783581385459726,5000.0,173.0
16.098105424302403,20.939448090329584,25.31108009038757,-0.07623868242950493,-4.917581348456686,-9.289213348514672,100.0,644.0
15.707298496635701,20.16224930630723,24.401687006073587,12.453923641279133,7.9989728316076025,3.759535131841247,500.0,644.0
15.781857741151406,20.74085024961785,24.97128389771879,6.963540701628027,2.0045481931615825,-2.225885454939359,1000.0,644.0
16.34486964374647,20.62518756838339,24.931154795453907,10.299936891141272,6.019618966504353,1.7136517394338355,2000.0,644.0
16.211496243668186,21.173268117389455,25.128550998493765,14.556052801486338,9.59428092776507,5.63899804666076,5000.0,644.0
15.654599683352153,21.82630799465303,25.415563734674336,13.034740542161366,6.86303223086049,3.2737764908391824,100.0,324.0
16.386563659196767,20.48119928050265,24.836671432025284,9.942318700261076,5.847683078955193,1.4922109274325592,500.0,324.0
15.736983918366882,20.76414442445794,24.956851205360834,12.294650700623187,7.2674901945321295,3.074783413629234,1000.0,324.0
15.949398499560715,20.847864917869373,24.958357523673392,15.015061460943564,10.116595042634906,6.006102436830886,2000.0,324.0
16.009662876190845,20.818443289463815,24.952073013855497,14.520113074826696,9.711332661553726,5.577702937162044,5000.0,324.0
15.588354098158682,20.722625770312824,24.918320057855972,21.774554571688448,16.640282899534306,12.444588611991158,100.0,211.0
15.623545985137639,21.191899908556195,25.06436306286802,21.408614794347642,15.840260870929086,11.967797716617262,500.0,211.0
15.938182939285959,20.96651716145425,24.942751256139346,11.716788560796907,6.688454338628617,2.71222024394352,1000.0,211.0
16.136156591498988,21.12434745638302,25.072564613470405,13.933094180956054,8.944903316072022,4.996686158984637,2000.0,211.0
15.972202737517414,21.027423397982083,25.029780403546802,12.984177748449113,7.928957087984443,3.926600082419725,5000.0,211.0
15.845948995311858,19.961507350844393,24.435282446029262,14.345904537956173,10.230346182423638,5.756571087238768,100.0,509.0
15.475091910198543,20.752962165756976,24.912836835509907,18.096420853160964,12.818550597602531,8.6586759278496,500.0,509.0
16.0673804403799,20.785844418532122,24.91409119407212,8.551174704230156,3.8327107260779343,-0.2955360494620649,1000.0,509.0
16.0797260488728,21.165499610203554,25.1050322370794,14.513024803527586,9.427251242196832,5.487718615320986,2000.0,509.0
15.933091428228146,20.861366825830537,24.952461625936927,13.600838559582265,8.672563161979873,4.581468361873483,5000.0,509.0
15.656995486778335,21.447870549611473,25.126602343194456,20.24937353452748,14.458498471694341,10.779766678111358,100.0,439.0
16.205196267352378,21.011987837196124,25.085344157412088,20.25993698451135,15.453145414667603,11.379789094451638,500.0,439.0
16.08369769122828,21.44271119140842,25.227283941532804,16.900881938106863,11.541868437926723,7.7572956878023405,1000.0,439.0
16.22619103946785,20.91021919286552,24.947861868895053,12.804957723673198,8.120929570275528,4.083286894245994,2000.0,439.0
15.993154386494709,20.959930349653845,24.98567653694399,15.924378143463201,10.957602180304065,6.931855993013919,5000.0,439.0
15.417210446729186,22.26632183939985,25.64656576373273,10.034009130960982,3.184897738290317,-0.19534618604256337,100.0,946.0
15.984542245850548,21.137234783821008,25.00133587351649,14.18800112057609,9.03530858260563,5.171207492910149,500.0,946.0
15.905601942631648,20.810957702695525,24.924695836438715,8.822278561307925,3.9169228012440485,-0.19681533249914196,1000.0,946.0
15.957002430726114,20.984000871195455,24.95594222734141,12.385682513831945,7.358684073362603,3.3867427172166487,2000.0,946.0
15.971245778345711,20.781649323613948,24.952708603296223,12.779499235930736,7.969095690662499,3.798036410980224,5000.0,946.0
16.603149328163553,22.227603908183873,25.59161158622716,15.433232509027796,9.808777929007476,6.44477025096419,100.0,353.0
15.893064937345173,21.08360333970674,25.10902091613498,12.435402627176174,7.244864224814606,3.2194466483863664,500.0,353.0
15.699911618319497,20.641907148761618,24.75957736630653,15.352058155497048,10.410062625054927,6.292392407510015,1000.0,353.0
15.997514248858806,20.787101851946538,24.88761049192025,12.696884002834693,7.907296399746961,3.8067877597732505,2000.0,353.0
16.177054943096543,21.060262776157302,25.06898594635325,13.08617703297687,8.202969199916112,4.194246029720162,5000.0,353.0
15.99693750115405,19.62526524216578,24.594769696449433,9.004295023513627,5.375967282501897,0.4064628282182454,100.0,520.0
16.249116325081964,21.31876485931258,25.19797496870801,12.732839967808182,7.663191433577566,3.783981324182136,500.0,520.0
15.73223753609043,21.03332350820603,24.92591859481645,13.280599619962416,7.979513647846815,4.086918561236395,1000.0,520.0
16.092645293113442,20.818341918740963,24.94905628132299,15.944282059994471,11.21858543436695,7.0878710717849245,2000.0,520.0
15.772414894728726,20.911502509393102,24.94732937694205,14.039518920282404,8.900431305618028,4.86460443806908,5000.0,520.0
17.404121075658402,21.65768327058695,25.39087553610166,11.266646979253146,7.013084784324597,3.2798925188098877,100.0,708.0
15.866134872671417,21.347951373867225,25.13684515790198,12.59630609238635,7.114489591190541,3.3255958071557856,500.0,708.0
15.922360082952238,21.086952232922187,25.027149553156974,17.762517644485797,12.597925494515849,8.657728174281061,1000.0,708.0
16.142889000961297,20.79476916654788,24.956793514673954,15.409766351229152,10.757886185642569,6.595861837516495,2000.0,708.0
15.989320444401912,20.89904379329746,24.97027079824025,15.372376903996354,10.462653555100808,6.391426550158016,5000.0,708.0
15.421938287846146,21.116670842578245,24.75489772694533,17.7854360472461,12.090703492514002,8.452476608146917,100.0,308.0
16.129665195420934,20.347343532447375,24.577089943680207,11.334745241098197,7.117066904071756,2.8873204928389242,500.0,308.0
15.812311961120038,20.690635022364077,24.776287709510626,15.523072702781981,10.644749641537942,6.559096954391393,1000.0,308.0
16.18221661531514,20.948828089405275,24.967290650558297,13.782353313418334,9.0157418393282,4.997279278175178,2000.0,308.0
15.985923352024123,20.820040323698564,24.93682808511496,15.054116076247034,10.219999104572594,6.103211343156197,5000.0,308.0
16.95709159183494,20.961219846728802,25.15765869767985,0.8154017888273231,-3.188726466066541,-7.385165317017588,100.0,168.0
15.669586903359658,20.784294683852877,24.898858057248987,8.308556079737343,3.1938482992441237,-0.9207150741519854,500.0,168.0
16.241503655942985,20.340272733355597,24.735214171828623,11.442378082454155,7.343609005041543,2.948667566568517,1000.0,168.0
15.728976517730977,20.82768938816224,24.947342696123698,12.96126797836191,7.862555107930646,3.7429017999691894,2000.0,168.0
16.107228214570135,21.070933267687764,25.016221102345114,13.980087681148888,9.01638262803126,5.071094793373909,5000.0,168.0
16.89116787900089,21.435620884858054,25.49391938689483,7.5804224879737845,3.03596948211662,-1.0223290199201571,100.0,917.0
16.27133652482385,21.078427323660648,25.142127818965577,3.9371788332227666,-0.8699119656140297,-4.933612460918958,500.0,917.0
15.744944760836255,21.14198334894823,25.045435633995403,16.49718530156177,11.100146713449796,7.196694428402623,1000.0,917.0
15.973032401216017,20.999383266469444,24.990035881229723,13.806784439596491,8.780433574343064,4.789780959582785,2000.0,917.0
16.097380765154583,20.82942778925083,24.946609014083144,13.062843537282127,8.33079651318588,4.213615288353566,5000.0,917.0
15.979100349601914,20.889090883491185,24.852391078422855,19.233806266914506,14.323815733025235,10.360515538093566,100.0,923.0
16.442406921306564,20.679001941360283,24.898760117854337,15.036414331590294,10.799819311536574,6.58006113504252,500.0,923.0
16.229399335308813,20.63963433876807,24.859673136016937,16.403160365184846,11.99292536172559,7.772886564476721,1000.0,923.0
16.041900267681086,21.345495977918,25.167732191592847,12.964354437270146,7.660758727033233,3.8385225133583845,2000.0,923.0
16.06214728097072,21.087190408765153,25.070805093047774,12.70979691530944,7.684753787515007,3.7011391032323857,5000.0,923.0
15.944866880645037,21.186361125324147,24.999334724095633,12.029009809478495,6.787515564799385,2.9745419660278998,100.0,551.0
15.791584878440894,20.93959164607641,24.825573062349278,16.30071030613803,11.152703538502514,7.266722122229645,500.0,551.0
15.674037703650882,21.008711919908777,24.974623423696208,11.87322025077495,6.538546034517054,2.572634530729623,1000.0,551.0
16.028174461307465,21.01739330212085,25.010123669026243,15.425454475512105,10.436235634698718,6.443505267793327,2000.0,551.0
16.139002433989248,21.14078438596959,25.165368290824432,13.122041359162218,8.120259407181877,4.095675502327033,5000.0,551.0
15.364686968135373,20.595745758903675,24.35804124788028,12.689519200396752,7.458460409628451,3.696164920651846,100.0,102.0
15.848419259764036,21.53796367010102,25.28548262167287,26.424080033842152,20.734535623505167,16.98701667193332,500.0,102.0
16.087004741182746,21.02918541688547,25.00839436839653,14.143550736041107,9.201370060338384,5.222161108827322,1000.0,102.0
15.974294832518162,21.068122077033394,25.07010600909539,15.79395185190939,10.700124607394159,6.698140675332162,2000.0,102.0
16.093898991139724,21.344532910577975,25.16222297007417,14.485764847502807,9.235130928064557,5.417440868568363,5000.0,102.0
17.19740694474774,21.563332200649384,25.133922953523587,17.171739492535025,12.805814236633381,9.235223483759178,100.0,440.0
16.281038092168565,20.836378713682677,24.937117930509316,13.952061323912282,9.39672070239817,5.295981485571531,500.0,440.0
15.962615521601187,21.009287333446046,25.025347842020672,13.162950141200511,8.116278329355652,4.100217820781026,1000.0,440.0
15.85840451137323,21.01450663013638,24.897059293359646,14.67431854616435,9.5182164274012,5.635663764177934,2000.0,440.0
15.968493947798784,20.941097245664558,24.950704924960007,14.122037908171343,9.149434610305569,5.13982693101012,5000.0,440.0
15.133377768307902,21.870936089059683,25.276124316047905,19.60174521545575,12.86418689470397,9.458998667715747,100.0,139.0
16.0694863829193,21.08256668097679,25.178826006970027,15.353082284877686,10.340001986820198,6.24374266082696,500.0,139.0
15.985838381625506,20.8669648340975,25.03633475236169,13.592767699539337,8.711641247067341,4.542271328803153,1000.0,139.0
16.180572819933403,20.981282735549,25.061784809631547,13.749735966855823,8.949026051240224,4.868523977157679,2000.0,139.0
16.043687323826404,20.951754721644136,24.93800894667511,13.00883404307617,8.100766645258439,4.114512420227463,5000.0,139.0
15.895233552643958,19.928967548922742,24.473249953077108,16.39990371663037,12.366169720351586,7.82188731619722,100.0,422.0
15.698801385882298,21.28917959312819,25.02223017895077,12.322460890229706,6.732082682983815,2.9990320971612334,500.0,422.0
15.694465437966372,21.27205113732036,25.07717148836759,10.770332413927498,5.192746714573509,1.3876263635262802,1000.0,422.0
15.909240604604001,20.945527952066932,25.00871213141994,13.844245104279757,8.807957756816826,4.744773577463818,2000.0,422.0
16.01080276837564,20.926483272892888,24.95816970867765,15.101739682923387,10.18605917840614,6.154372742621376,5000.0,422.0
16.84188193454002,21.89453734454949,25.180249581638137,18.980213882445028,13.927558472435557,10.641846235346911,100.0,696.0
16.32556335645505,21.809679364153283,25.303124928732373,9.005576961333972,3.5214609536357386,0.028015389056648132,500.0,696.0
15.985972115842756,20.983864008802875,25.007658912330825,15.48886815864212,10.490976265682,6.467181362154051,1000.0,696.0
15.926220479964925,21.099165589367054,24.988754128410896,12.496943090316542,7.323997980914413,3.434409441870571,2000.0,696.0
16.072146580625414,21.06937467866655,25.03407436134127,13.934494491823713,8.93726639378258,4.972566711107859,5000.0,696.0
15.779327729405196,21.46522982383857,25.01522754441234,7.106069130518868,1.4201670360854948,-2.129830684488276,100.0,659.0
16.440311331853493,20.60635836054415,24.858891718718034,15.503691541285221,11.337644512594565,7.08511115442068,500.0,659.0
16.166834390503894,21.075038381142775,25.20333239852571,14.359012212199197,9.450808221560315,5.322514204177381,1000.0,659.0
16.22999048556393,20.88000201304022,24.920365523041347,17.98217828027564,13.332166752799353,9.291803242798224,2000.0,659.0
16.10270624616829,20.858431449590384,24.987098689314244,14.544271751831637,9.788546548409542,5.659879308685682,5000.0,659.0
15.991672998625873,21.78655497544488,25.32477806085567,-3.445168627995436,-9.240050604814442,-12.778273690225234,100.0,604.0
16.100940357978914,20.824786536737108,25.028719798853317,13.381719687048772,8.657873508290578,4.453940246174369,500.0,604.0
15.729928328470628,21.2417698569731,25.071490758982947,15.385632300475429,9.873790771972956,6.04406986996311,1000.0,604.0
15.863889893133198,21.142555547183328,25.050785326666592,14.608036324585534,9.329370670535404,5.42114089105214,2000.0,604.0
16.04677488273191,21.06200796865688,25.010788730216525,12.89995137999378,7.884718294068811,3.935937532509165,5000.0,604.0
16.003642560655628,21.280653305228448,25.140193599415944,20.341655161007616,15.064644416434795,11.205104122247299,100.0,276.0
15.928626136761146,21.332779346869323,25.166339115664037,16.388380460905132,10.984227250796955,7.150667482002241,500.0,276.0
16.198600359735565,21.01689713996774,24.94478986166591,8.3983848165132,3.580088036281026,-0.34780468541714527,1000.0,276.0
16.099849728431707,20.86188621249982,24.948369102406524,15.80375314934384,11.041716665275729,6.955233775369024,2000.0,276.0
16.08244288322782,21.067541681363814,24.99234379353939,14.781856579208636,9.796757781072643,5.8719556688970656,5000.0,276.0
16.323264898278737,21.41105152828981,25.26494449624186,11.105092168054398,6.017305538043324,2.1634125700912747,100.0,235.0
15.442943146497925,20.895645624571387,24.867376562737896,18.60982679037513,13.157124312301669,9.18539337413516,500.0,235.0
16.031746953231178,21.228172825478843,25.163407816875065,15.969705370626563,10.773279498378898,6.838044506982676,1000.0,235.0
16.103473578778747,20.87861173104958,24.88542494945638,11.400849379912941,6.625711227642107,2.618898009235309,2000.0,235.0
15.946545414620964,21.095417396279984,25.057997022660608,14.362552995550807,9.213681013891787,5.251101387511163,5000.0,235.0
16.134480966159416,19.757085833521813,24.61591160016519,19.20547913613104,15.582874268768641,10.724048502125264,100.0,973.0
16.050566552598482,21.564125149159416,25.28747092294882,15.991776513553553,10.47821791699262,6.754872143203215,500.0,973.0
16.177448493818808,21.092537109194147,25.09618741400692,17.27654324676014,12.361454631384802,8.35780432657203,1000.0,973.0
15.903458504532296,21.205455022867547,25.158654981134127,16.713422223766926,11.411425705431675,7.458225747165095,2000.0,973.0
15.985937993095625,21.00608953644815,25.012668556602854,14.68871950048495,9.668567957132424,5.661988936977721,5000.0,973.0
15.577641689806534,21.307821149424022,25.5381734669092,24.306748165088692,18.576568705471203,14.346216387986026,100.0,199.0
16.468173619353934,20.837656601656548,25.03300426467299,6.979952840882284,2.6104698585796697,-1.584877804436772,500.0,199.0
15.756274813462085,20.97976066902619,25.016340486738677,10.393135979316973,5.1696501237528665,1.1330703060403806,1000.0,199.0
15.934407033496228,20.98856946434107,24.89164436940736,13.064500247878001,8.010337817033161,4.10726291196687,2000.0,199.0
15.924242808142218,21.234202992636476,25.133523209762764,14.736949925403785,9.426989740909526,5.5276695237832385,5000.0,199.0
14.680224923845913,20.864587767886157,24.80687093455773,2.543127602673252,-3.641235241366992,-7.5835184080385645,100.0,480.0
15.899716391169491,21.333811367725417,25.111786640364848,11.565958802832014,6.1318638262760885,2.353888553636658,500.0,480.0
16.145507718215853,20.56573983371338,24.65863494516538,13.750560422329919,9.330328306832392,5.23743319538039,1000.0,480.0
15.95313190861365,20.743533968098568,24.973580151489784,16.524166777755873,11.733764718270955,7.503718534879738,2000.0,480.0
15.881424374644965,20.853344615795585,24.902013729317765,13.688569885995854,8.716649644845234,4.667980531323053,5000.0,480.0
16.19891242480493,21.43574348580851,24.864154649047627,10.33626503096756,5.099433969963982,1.6710228067248636,100.0,960.0
15.846944843016978,20.745022640753227,24.94363896564561,8.149070800498961,3.250993002762712,-0.9476233221296724,500.0,960.0
16.072684013636653,20.764169562392702,24.928747409340318,18.488150808685262,13.796665259929213,9.632087412981598,1000.0,960.0
16.061102159430916,21.1284861540801,25.085589471923775,12.208361201529435,7.140977206880251,3.183873889036576,2000.0,960.0
16.125544018729485,21.059708049459125,25.05648156485887,13.827239677545862,8.893075646816222,4.896302131416476,5000.0,960.0
16.126767137799433,20.547862216268456,24.599563893066943,2.623372174899501,-1.7977229035695217,-5.849424580368009,100.0,280.0
16.094254688998205,21.071558615958516,25.08682929263673,16.808745009907952,11.831441082947642,7.816170406269428,500.0,280.0
16.10803044815765,20.77414707575288,24.921171921201598,21.25397236856564,16.58785574097041,12.440830895521692,1000.0,280.0
15.982606858217636,20.865412721318833,24.921885774293962,12.97813574414132,8.095329881040122,4.0388568280649935,2000.0,280.0
16.057570962770633,20.944832652453293,24.96997729002512,14.324597206319943,9.437335516637283,5.412190879065456,5000.0,280.0
15.509046187636919,22.16948898814269,25.66545866660949,-1.2940393672050163,-7.954482167710786,-11.450451846177586,100.0,458.0
16.114843843125897,21.01021524411398,25.053462732748763,13.315186665698697,8.419815264710614,4.376567776075831,500.0,458.0
16.030705129518168,21.15220632793968,25.251898483341762,15.894593129088804,10.773091930667292,6.67339977526521,1000.0,458.0
15.840932452320239,21.310039207357413,25.135627051988564,10.993140775441304,5.52403402040413,1.698446175772979,2000.0,458.0
16.07402167016621,21.07695990933086,25.055084506448836,16.994498788922073,11.991560549757423,8.013435952639448,5000.0,458.0
15.04213271000964,21.32260439987347,24.981189753404976,6.862779665896539,0.582307976032709,-3.0762773774987977,100.0,965.0
15.884111892710585,20.98265492922286,24.72392551424774,19.679728430094436,14.58118539358216,10.839914808557282,500.0,965.0
16.424891198071343,20.940138228764468,25.029214059884026,14.050847221819758,9.535600191126633,5.446524360007075,1000.0,965.0
15.98712029846655,20.802734068272805,24.89987104420849,14.639770906779063,9.824157136972808,5.7270201610371245,2000.0,965.0
16.038733475597624,20.97831457060228,24.994232427380126,15.371221242213188,10.431640147208533,6.415722290430686,5000.0,965.0
14.713167617336914,21.43044991048145,25.306957955394473,19.760680374434365,13.04339808128983,9.166890036376806,100.0,313.0
16.278041618437108,20.481217118878675,24.819693872879135,11.725989184399616,7.522813683958049,3.1843369299575883,500.0,313.0
15.901967222214573,20.65006889392575,24.744486269579156,13.127007814673071,8.378906142961895,4.284488767308488,1000.0,313.0
16.027999367097394,20.889531023653547,24.99385452960724,14.453734542503312,9.59220288594716,5.4878793799934655,2000.0,313.0
15.911250091322337,20.997810626086185,25.00515678042249,13.63890825994261,8.552347725178763,4.545001570842459,5000.0,313.0
15.520924464389147,21.262948999346335,24.914227145039426,7.405797398443674,1.6637728634864857,-1.9875052822066053,100.0,730.0
15.664137275469606,20.77016291723813,24.477256646486843,12.74714831032928,7.6411226685607545,3.934028939312043,500.0,730.0
16.089852103533552,20.81935936375175,24.90599907708038,14.533168768822613,9.803661508604414,5.717021795275784,1000.0,730.0
15.993852110043058,20.689347284681688,24.733216511494348,15.019352424758672,10.323857250120042,6.279988023307382,2000.0,730.0
16.108385001516197,20.960491964731546,24.95908266139449,14.322951215430052,9.470844252214704,5.4722535555517595,5000.0,730.0
15.97218004336834,21.235512368801785,25.225267683703493,2.4856513227908437,-2.777681002642602,-6.767436317544309,100.0,962.0
15.827012880149582,20.85532048969111,24.96549180665447,16.484818720224645,11.456511110683117,7.346339793719757,500.0,962.0
15.83257459658077,21.079776682590044,25.008116176160264,17.631872629384176,12.384670543374902,8.456331049804682,1000.0,962.0
15.964464462598215,20.874350298056115,24.885661337848575,15.737226322216877,10.827340486758978,6.8160294469665175,2000.0,962.0
16.063609375171723,21.002975169916432,24.99134000235145,14.747888375071,9.80852258032629,5.8201577478912725,5000.0,962.0
15.487121221637466,19.759673839401522,24.005657745914363,20.093682799772843,15.821130182008787,11.575146275495946,100.0,511.0
16.36337463780027,21.263649167023914,25.223795278368158,9.522177866974133,4.621903337750489,0.6617572264062446,500.0,511.0
16.052101083033527,21.23203002675234,24.97646347859991,10.915665848596724,5.7357369048779105,1.9913034530303406,1000.0,511.0
15.964215703741964,20.792368581967494,24.93562357199569,10.946083465562388,6.117930587336858,1.9746755973086607,2000.0,511.0
15.937627263833662,21.098805261733872,25.029080382766097,14.480558601681345,9.319380603781134,5.38910548274891,5000.0,511.0
14.979545054176306,21.407032161701018,25.15809330249982,27.171107701359418,20.743620593834706,16.992559453035902,100.0,390.0
16.028551402905848,20.64023166231796,25.015508406811357,19.063689585904314,14.452009326492202,10.076732581998805,500.0,390.0
16.028884520180313,21.136409505053457,25.11739504775199,16.10400267586433,10.996477690991185,7.015492148292651,1000.0,390.0
15.996784099475178,21.26902001180713,25.11658850900146,13.779360208059003,8.507124295727053,4.659555798532722,2000.0,390.0
15.90356038435916,20.96281599887032,24.957254471976967,11.985454547918323,6.926198933407164,2.9317604603005165,5000.0,390.0
15.984542460397023,19.802439974979507,24.578711335662952,24.554098633244706,20.736201118662223,15.959929757978777,100.0,688.0
16.12484787814519,21.392282466449927,25.294673789533597,11.282008523434854,6.014573935130116,2.112182612046446,500.0,688.0
15.912458157620364,20.998985067737095,24.92209478474996,14.849877131216992,9.76335022110026,5.840240504087397,1000.0,688.0
15.97222487235669,20.654853783108678,24.824474368381928,11.778952841783365,7.096323931031378,2.9267033457581277,2000.0,688.0
16.096161443770107,21.04104072724953,25.00488200080501,12.512192258350574,7.56731297487115,3.6034717013156694,5000.0,688.0
16.846533808877354,21.52160007633374,25.181492454557237,12.249042859621895,7.573976592165508,3.9140842139420116,100.0,780.0
15.550980279041092,21.051374167679626,24.993201049272294,17.845397243535253,12.345003354896718,8.40317647330405,500.0,780.0
15.96747382766496,21.040929202058464,24.9476572572094,19.378167504104646,14.304712129711142,10.397984074560206,1000.0,780.0
15.94612464780645,21.082295685124507,25.10339061620813,13.924340251906365,8.788169214588308,4.767074283504684,2000.0,780.0
16.05693487007904,21.052338350382996,25.042623751846598,15.71444856916488,10.719045088860923,6.728759687397321,5000.0,780.0
16.204065175527738,20.589192812971653,24.908041661292508,16.84200091057778,12.456873273133866,8.138024424813011,100.0,999.0
16.276106664343644,20.71086729435646,24.961366648470253,9.963616434993277,5.528855804980459,1.2783564508666672,500.0,999.0
15.943792918299813,21.06751439884558,24.969469762395626,17.57366768430513,12.44994620375936,8.547990840209316,1000.0,999.0
15.904647727465694,21.004820285449362,25.01410460426066,12.941907386247507,7.841734828263839,3.832450509452542,2000.0,999.0
15.904376040963342,21.018482771713373,24.964255135666612,12.65153087168315,7.537424140933119,3.59165177697988,5000.0,999.0
16.023049010218244,21.235163945854616,25.478359245822702,26.68012869052007,21.4680137548837,17.224818454915614,100.0,206.0
16.053266147431636,21.067770494040126,25.169027748684,14.477079563499338,9.462575216890848,5.3613179622469715,500.0,206.0
15.722711920984125,21.159046400805472,25.025297410740272,14.60127065626557,9.164936176444222,5.298685166509422,1000.0,206.0
15.883181480674338,21.211190582126157,25.080845244845833,16.107435454121642,10.779426352669823,6.909771689950148,2000.0,206.0
15.954854015077053,20.925720700799616,24.913966906927236,12.841055820157635,7.870189134435073,3.8819429283074527,5000.0,206.0
16.839512501366364,20.740733289762538,25.45039135728932,17.17782233893341,13.276601550537237,8.566943483010455,100.0,937.0
16.29632701134465,21.390262979285936,25.219926292808537,14.985193107646204,9.89125713970492,6.0615938261823175,500.0,937.0
16.04317299828611,20.878887978600247,24.984475497353202,8.774456958707304,3.9387419783931676,-0.1668455403597875,1000.0,937.0
15.893238193989085,20.859165489357302,24.96022151447675,15.978583481288751,11.012656185920534,6.911600160801086,2000.0,937.0
15.84980834028535,20.981330761966014,24.97674554263954,13.572256461516972,8.440734039836308,4.44531925916278,5000.0,937.0
17.06094351201383,19.590558393589014,24.804168212329046,13.177008429581726,10.64739354800654,5.4337837292665085,100.0,676.0
15.980310763585244,21.194312575456173,25.214862741251068,15.968323473076133,10.754321661205203,6.733771495410309,500.0,676.0
16.133425973701016,20.741322449075774,24.976685443417914,10.927246881064406,6.319350405689647,2.0839874113475076,1000.0,676.0
15.892563280869751,21.09562847540011,24.9465736425458,14.956592053403298,9.753526858872938,5.902581691727249,2000.0,676.0
15.92866217849459,20.9101666133267,24.899826008526205,14.433258033387993,9.451753598555882,5.462094203356379,5000.0,676.0
15.562557397248973,21.913946815826968,25.415047104424094,23.709503873274443,17.358114454696448,13.857014166099322,100.0,943.0
16.199510735792444,20.25414448074924,24.59141638600368,12.825794623354483,8.771160878397687,4.433888973143247,500.0,943.0
15.832674973705515,21.0663526332171,24.963285357022883,17.88776903897395,12.654091379462365,8.757158655656582,1000.0,943.0
15.917464293432566,21.029629002463203,25.034018446919745,14.004718576222658,8.89255386719202,4.888164422735478,2000.0,943.0
16.0844556390989,20.936375377003877,24.912215325307336,12.737399509864431,7.885479771959453,3.9096398236559935,5000.0,943.0
16.684578572581238,21.09624714885729,25.198526674926285,19.46551277174043,15.053844195464375,10.951564669395381,100.0,518.0
16.068867896408086,20.948891358402015,25.03178283201447,9.586089909426384,4.706066447432455,0.6231749738199994,500.0,518.0
16.259926724019408,20.788702063843935,24.924298895551324,14.716200347576255,10.187425007751727,6.051828176044339,1000.0,518.0
15.972534023415868,20.886130103274766,24.9402448620613,15.718806897308937,10.805210817450039,6.7510960586635065,2000.0,518.0
15.906925543245968,20.941564480443922,24.950908886824763,16.22696434476714,11.192325407569186,7.182981001188345,5000.0,518.0
16.07569760416507,22.383225753060664,25.86706624981749,16.252154948430075,9.944626799534483,6.460786302777656,100.0,926.0
16.265401890740982,21.002574759807743,24.995079636587796,15.583094879337594,10.845922010270833,6.85341713349078,500.0,926.0
15.999888659170061,21.336643438662172,25.19798370989357,12.841326009472745,7.504571229980634,3.6432309587492355,1000.0,926.0
15.832493591144356,20.880777113326324,24.95342288803009,12.926842398990317,7.8785588768083485,3.805913102104583,2000.0,926.0
15.870659307365777,21.210944963145202,25.046503405679445,13.880263722388186,8.53997806660876,4.704419624074518,5000.0,926.0
15.516695319337671,20.66557175542375,24.74449758689194,8.621910244867195,3.4730338087811177,-0.6058920226870725,100.0,494.0
15.75972002099087,20.351650094384617,24.592140366486113,20.56051976250842,15.968589689114673,11.728099417013176,500.0,494.0
15.976423789246844,21.068366405668556,24.96022820865612,17.717108734307594,12.625166117885882,8.73330431489832,1000.0,494.0
15.871778120022142,21.020137821557924,24.953885660794114,15.781330650119507,10.632970948583726,6.699223109347535,2000.0,494.0
15.924714272195786,21.021373569242854,24.958897392092467,14.2720939265769,9.175434629529832,5.237910806680219,5000.0,494.0
15.562528721760934,21.360580847963313,24.975041156558753,6.743316181112299,0.94526405490992,-2.66919625368552,100.0,890.0
15.834696866671855,21.38679772437178,25.09505051711254,18.409761400092336,12.85766054239241,9.149407749651651,500.0,890.0
15.895254683279624,21.367246338427506,25.061035433457327,12.255173867755175,6.783182212607294,3.0893931175774725,1000.0,890.0
16.091632520620507,21.150742293810133,25.0052118551924,15.303777476487873,10.244667703298248,6.390198141915981,2000.0,890.0
15.987922246374687,20.889360992292744,24.976868544655957,13.301301262265916,8.39986251634786,4.312354963984646,5000.0,890.0
16.777411619360997,20.374018494271276,24.61344044421817,9.311462840798221,5.714855965887942,1.4754340159410475,100.0,817.0
15.732572357858835,21.383962111042862,25.282550102664004,18.518043604376274,12.866653851192247,8.968065859571105,500.0,817.0
15.62770900296978,20.858377746749134,24.901427697609613,14.830998599690169,9.600329855910815,5.557279905050336,1000.0,817.0
16.250208360119935,21.084048137997456,25.123176245457564,12.656386804857235,7.822547026979713,3.7834189195196046,2000.0,817.0
15.78806357335614,21.063462849496027,25.020553378116475,14.859542255403099,9.584142979263213,5.627052450642765,5000.0,817.0
14.82255832551619,20.50979500504461,24.37032901009504,20.861036608433984,15.173799928905567,11.313265923855134,100.0,246.0
15.58808216772674,20.532283790027513,24.53595363463039,16.62593390313957,11.681732280838794,7.678062436235919,500.0,246.0
15.682114587772396,21.399197243954283,25.064771939936932,11.353044592894499,5.6359619367126115,1.9703872407299627,1000.0,246.0
15.990774340790509,20.87452413030241,24.98156518299818,14.39476199324941,9.511012203737508,5.403971151041738,2000.0,246.0
16.156805785814257,20.817853661428323,24.926330188942842,14.462151597263343,9.801103721649277,5.692627194134758,5000.0,246.0
16.94976152628456,21.179491022841596,24.99651119556978,19.672379697120526,15.442650200563492,11.625630027835307,100.0,584.0
16.384243079443742,20.765714253451186,24.859088542192232,10.056991803155995,5.675520629148551,1.5821463404075047,500.0,584.0
16.195846518909462,20.723533018395358,24.903162557366286,16.269650754297416,11.74196425481152,7.562334715840592,1000.0,584.0
16.052380849408827,21.03189051017432,25.06948295073088,11.305598912932915,6.326089252167421,2.2884968116108624,2000.0,584.0
16.06773578333015,21.000159474346916,25.027991364210962,13.392351861156229,8.459928170139463,4.432096280275417,5000.0,584.0
15.323886933008517,21.93305980172496,25.201989550323646,10.54822899104547,3.9390561223290277,0.6701263737303407,100.0,371.0
16.638538133051277,20.76267999567453,25.003931034686268,12.624318095266446,8.500176232643192,4.258925193631455,500.0,371.0
15.795979421606333,20.749783884307703,24.804631287930093,15.509391375537597,10.555586912836226,6.500739509213837,1000.0,371.0
16.07678603370259,20.962893918253805,24.993518288870227,13.463816312760322,8.577708428209107,4.547084057592684,2000.0,371.0
15.781518895471386,21.079171777462896,24.96015938681319,13.994266226794487,8.696613344802977,4.815625735452684,5000.0,371.0
15.487121221637466,19.759673839401522,24.005657745914363,20.093682799772843,15.821130182008787,11.575146275495946,100.0,511.0
16.36337463780027,21.263649167023914,25.223795278368158,9.522177866974133,4.621903337750489,0.6617572264062446,500.0,511.0
16.052101083033527,21.23203002675234,24.97646347859991,10.915665848596724,5.7357369048779105,1.9913034530303406,1000.0,511.0
15.964215703741964,20.792368581967494,24.93562357199569,10.946083465562388,6.117930587336858,1.9746755973086607,2000.0,511.0
15.937627263833662,21.098805261733872,25.029080382766097,14.480558601681345,9.319380603781134,5.38910548274891,5000.0,511.0
16.3838516200749,21.56025257714836,25.379141673777433,18.354255466331473,13.177854509258012,9.35896541262894,100.0,865.0
16.16722641825752,20.689249166678074,24.834437397589753,14.669798205205929,10.147775456785375,6.002587225873697,500.0,865.0
15.852144503718321,21.072757135954433,25.064545000709565,15.558419097373388,10.337806465137277,6.346018600382145,1000.0,865.0
16.193597594403563,21.16968305631965,25.137693202065158,15.161122652871818,10.185037190955732,6.217027045210223,2000.0,865.0
16.024764146678486,20.94278962577063,24.967798106399258,14.205583586128775,9.28755810703663,5.262549626408003,5000.0,865.0
15.932357795869287,20.822406226701503,24.69407991055995,9.13975393534809,4.249705504515873,0.37803182065742647,100.0,258.0
16.2345726708523,21.180147702983497,25.064113423084088,11.786212551643331,6.840637519512136,2.956671799411545,500.0,258.0
15.965831899506192,20.57158160838224,24.69594228235158,15.239297439397781,10.633547730521734,6.509187056552392,1000.0,258.0
16.257248765020137,20.98207332176856,25.045984806505963,14.361209611145547,9.636385054397124,5.572473569659721,2000.0,258.0
16.089177926806727,21.032711510900413,25.086344020133176,15.218570584058114,10.275036999964428,6.221404490731665,5000.0,258.0
16.126767137799433,20.547862216268456,24.599563893066943,2.623372174899501,-1.7977229035695217,-5.849424580368009,100.0,280.0
16.094254688998205,21.071558615958516,25.08682929263673,16.808745009907952,11.831441082947642,7.816170406269428,500.0,280.0
16.10803044815765,20.77414707575288,24.921171921201598,21.25397236856564,16.58785574097041,12.440830895521692,1000.0,280.0
15.982606858217636,20.865412721318833,24.921885774293962,12.97813574414132,8.095329881040122,4.0388568280649935,2000.0,280.0
16.057570962770633,20.944832652453293,24.96997729002512,14.324597206319943,9.437335516637283,5.412190879065456,5000.0,280.0
15.328399219544572,20.812987992793367,24.63106719888303,0.13226815636731715,-5.352320616881478,-9.170399822971142,100.0,682.0
16.204338871416844,20.526128977438795,24.76608855716283,9.311130175444994,4.989340069423044,0.7493804896990071,500.0,682.0
15.574047812791136,20.709919984978583,24.81747289554898,13.658989435761377,8.52311726357393,4.415564353003532,1000.0,682.0
15.867089749485714,21.067947194543578,25.003174850953968,16.86365465223131,11.662797207173448,7.727569550763057,2000.0,682.0
15.81779022472842,21.07549522259346,24.976070979174416,13.866535484662002,8.608830486796961,4.708254730216005,5000.0,682.0
15.575734286406906,22.300929677311863,25.809988294477222,21.324512520708943,14.599317129803985,11.090258512638627,100.0,465.0
16.060319474246796,20.84685589181713,24.805882043569518,15.39391097417792,10.607374556607589,6.648348404855199,500.0,465.0
15.63843056332783,20.81331824020141,24.908316752941957,10.831144344806226,5.656256667932645,1.5612581551920997,1000.0,465.0
16.202064572094343,20.936521452228433,24.98698899352444,14.657003658417779,9.922546778283689,5.87207923698768,2000.0,465.0
16.090644954732454,21.0151213376328,24.998916920553988,14.434986429916947,9.510510047016602,5.526714464095413,5000.0,465.0
16.127013336432064,19.56187070101933,24.440293786024625,15.682423321522599,12.247565956935333,7.369142871930038,100.0,471.0
15.483020319294312,21.356184824117314,25.094633877090217,12.736518949646111,6.863354444823109,3.1249053918502057,500.0,471.0
16.166706327554365,21.276571066294245,25.198844921123047,16.299981167526745,11.190116428786865,7.267842573958063,1000.0,471.0
16.07889724956894,20.873516712447902,24.978914709402602,14.631240201065246,9.836620738186284,5.7312227412315835,2000.0,471.0
16.282116097127968,20.955846610748097,25.086394884485188,14.530655302491851,9.856924788871723,5.726376515134632,5000.0,471.0
15.937346606833692,20.579469181311417,25.219786608829942,12.478674245494936,7.836551671017212,3.1962342434986866,100.0,254.0
15.941250474937497,21.171773087649626,25.0883597756999,12.055487358521141,6.824964745809012,2.908378057758739,500.0,254.0
16.042885747802323,20.697298311077667,24.894749242195196,14.221283985942918,9.566871422667575,5.369420491550045,1000.0,254.0
16.015313321044374,21.10861464998174,25.022636749754078,10.52801687492039,5.434715545983025,1.5206934462106858,2000.0,254.0
15.990301463995984,21.135030926814096,25.05148177303674,13.700679984030934,8.555950521212822,4.6394996749901765,5000.0,254.0
16.523614679482087,20.307344229340657,25.12714627561237,4.473933756043095,0.690204206184525,-4.129597840087186,100.0,820.0
16.10871374852382,20.43240136891385,24.90192569343592,15.687653169309186,11.363965548919154,6.8944412243970845,500.0,820.0
15.893065201210817,21.292724057107037,25.135509783874042,10.752648854050477,5.352989998154257,1.510204271387252,1000.0,820.0
16.116671789461655,20.71776159381239,24.87475388646456,15.754401955831696,11.15331215148096,6.996319858828791,2000.0,820.0
15.950407328094741,20.864856150434207,24.943936031790074,11.10829959368796,6.193850771348494,2.114770889992627,5000.0,820.0
15.678355998554906,20.663908947509498,24.76176280366203,12.207523402710443,7.221970453755851,3.1241165976033187,100.0,490.0
16.05191324641457,21.184537456399006,25.096640542942453,16.28114964975893,11.148525439774495,7.236422353231049,500.0,490.0
16.071618926692885,21.128072301696506,25.1520756051085,13.951827328439634,8.895373953436014,4.871370650024019,1000.0,490.0
16.026994788496047,20.908583173144685,24.85415078317881,13.53075166276522,8.649163278116582,4.703595668082457,2000.0,490.0
15.810521332204502,20.948434686086145,24.953844991487003,12.314546856015397,7.176633502133754,3.171223196732896,5000.0,490.0
15.559417117402404,21.050569048638124,24.9349823111218,6.151540935895348,0.6603890046596277,-3.2240242578240483,100.0,882.0
15.94507010325242,20.584767741706635,24.580182766970886,19.133816114918282,14.494118476464067,10.498703451199816,500.0,882.0
15.892620639314927,20.77423264289444,24.808954799968014,12.69277455446069,7.811162550881178,3.7764403938076043,1000.0,882.0
15.971854114878226,21.14844957259679,25.038211765049766,11.531105550829139,6.3545100931105765,2.464747900657599,2000.0,882.0
16.012022338183904,21.038333577907416,25.038384499934125,13.089053211400895,8.062741971677383,4.062691049650674,5000.0,882.0
16.099558577531738,20.568623410673887,25.216855751981726,11.97336918614954,7.504304353007392,2.8560720116995526,100.0,355.0
15.842800940063931,21.504659538803296,25.078260367359896,20.72324291238769,15.061384313648325,11.487783485091725,500.0,355.0
15.743196808849461,20.966039229705352,24.934683985974317,15.04688204331012,9.82403962245423,5.855394866185264,1000.0,355.0
16.10272261128725,20.909328653784613,24.9810873313223,14.185400711360316,9.378794668862952,5.3070359913252645,2000.0,355.0
15.881418266152941,21.052183540244165,25.021417422135954,13.533351544241143,8.362586270149919,4.39335238825813,5000.0,355.0
15.273116931686431,20.544165027204585,24.4024527474446,17.489960243270204,12.21891214775205,8.360624427512036,100.0,344.0
16.584206817224164,20.928388217034815,25.063252462594235,8.79910407158981,4.454922671779158,0.3200584262197381,500.0,344.0
16.06674378088845,20.991996367473376,24.97081185313008,14.024159204768097,9.098906618183172,5.120091132526468,1000.0,344.0
15.9540218621637,20.826776166894703,24.92781537012283,14.529479388444102,9.656725083713098,5.5556858804849725,2000.0,344.0
15.971351264379884,20.869336043448676,24.928518625999224,14.460426789534978,9.562442010466185,5.503259427915637,5000.0,344.0
16.04036921132414,20.910552980681686,24.92988581089508,13.458449064435491,8.588265295077946,4.568932464864552,100.0,459.0
16.37584963472367,21.473412982588236,25.307703835908335,9.417679570220713,4.320116222356148,0.4858253690360499,500.0,459.0
16.11397015957227,20.877369082501325,25.028866779928876,13.278402251496331,8.515003328567275,4.363505631139724,1000.0,459.0
15.918510301789816,21.030974395809558,25.027432825660576,11.162388475047017,6.0499243810272745,2.053465951176257,2000.0,459.0
16.069540697556647,20.91045691968334,24.971527543020336,13.848882119138466,9.007965897011772,4.946895273674777,5000.0,459.0
15.58921150659316,21.543116174042552,25.119763778631366,18.566647626893285,12.612742959443892,9.036095354855078,100.0,229.0
15.928874218773409,20.450761310309993,24.839943738015855,9.044064470138345,4.522177378601761,0.13299495089589897,500.0,229.0
15.635895420749002,20.731566693144373,24.885074276886876,15.585575149243056,10.489903876847684,6.336396293105182,1000.0,229.0
16.231365821015366,20.82228976903003,25.008577940237096,12.895385113787427,8.304461165772764,4.118172994565697,2000.0,229.0
15.983976614040479,21.026329494068683,24.999638154267828,13.629594124835968,8.587241244807764,4.613932584608619,5000.0,229.0
16.26581182684815,20.55195600358426,24.96001884736249,3.117045274879871,-1.1690989018562377,-5.57716174563447,100.0,655.0
16.106381880511805,21.0761951147964,24.983734403975802,15.131089823860705,10.161276589576111,6.253737300396708,500.0,655.0
16.112569795153,21.18744840060348,25.077844932853857,11.774796146094019,6.69991754064354,2.809521008393162,1000.0,655.0
15.966795446129318,21.144058826366454,25.10691147112015,13.576424292009932,8.399160911772796,4.4363082670191005,2000.0,655.0
16.033575995574196,20.964416175121073,24.974501133173952,12.868776368589636,7.937936189042759,3.92785123098988,5000.0,655.0
14.817390120618128,21.24596716026724,24.51048619796363,19.75713580452055,13.328558764871438,10.06403972717505,100.0,286.0
16.231280733931037,21.09326170303615,25.112362907332894,18.517934390392234,13.655953421287123,9.636852216990377,500.0,286.0
15.80778077089527,20.892866840799023,24.88258964038365,13.692087124512597,8.607001054608844,4.6172782550242175,1000.0,286.0
15.976814055099538,21.06261041481641,24.97546155214434,12.059076600603525,6.973280240886652,3.060429103558725,2000.0,286.0
16.00719055016588,20.976959663837604,25.00768106618169,14.652955385308154,9.68318627163643,5.652464869292345,5000.0,286.0
16.98027768494522,20.31859205949266,25.272872962459886,14.455962780745075,11.117648406197638,6.163367503230411,100.0,457.0
16.08036858487108,20.41771903765943,24.725436910430318,16.602774270678417,12.265423817890067,7.95770594511918,500.0,457.0
15.943438592661934,21.15039535783057,25.02493342438642,13.168449520781571,7.961492755612937,4.086954689057087,1000.0,457.0
15.891212695442661,20.769443913494506,24.993025103351272,15.305794580611597,10.427563362559752,6.203982172702986,2000.0,457.0
16.052438078178305,21.062789630883742,25.014950208195636,14.21935108316385,9.208999530458414,5.25683895314652,5000.0,457.0
15.830763442793781,21.69808844206222,25.248826913454593,1.4953199544008058,-4.372005044867635,-7.922743516260006,100.0,795.0
16.166938757620777,20.89009431260581,25.03357597378222,9.97902558470743,5.255870029722395,1.1123883685459859,500.0,795.0
16.05865925773025,21.005484343986595,24.977595658874954,10.849060956197675,5.902235869941329,1.93012455505297,1000.0,795.0
16.14227523376872,21.001180068390354,24.983199383651694,14.644526925637813,9.78562209101618,5.80360277575484,2000.0,795.0
15.97321218199037,20.978478686471064,25.00755158027686,14.819568930995402,9.814302426514708,5.785229532708911,5000.0,795.0
15.68562691785015,20.286409471883445,24.411257587243796,14.795380146607066,10.194597592573771,6.069749477213421,100.0,637.0
15.856053047817099,20.830110343526343,25.029035648758388,20.064730169381427,15.090672873672183,10.891747568440138,500.0,637.0
15.965729906681823,20.948439393566552,24.939819470414783,15.747400170516492,10.764690683631763,6.773310606783532,1000.0,637.0
16.197188018164837,21.326044060142515,25.26308315592336,16.687935153608514,11.559079111630837,7.62204001584999,2000.0,637.0
16.17301668625285,20.948134939013308,25.049139062450152,12.11191068021769,7.336792427457233,3.2357883040203888,5000.0,637.0
16.610695949002462,19.977338370402855,24.619087405716407,12.69178301663338,9.325140595232988,4.683391559919436,100.0,534.0
15.222845528786124,21.31630492221258,25.153313205236962,13.435134810875525,7.341675417449068,3.504667134424686,500.0,534.0
16.038346870451683,20.686257769937995,24.80945013965171,13.243540148067133,8.59562924858082,4.472436878867107,1000.0,534.0
15.923265992216209,21.03608887153642,24.967021203480826,13.168925347142881,8.056102467822669,4.125170135878264,2000.0,534.0
15.926702863116482,20.977663118924035,24.976133619048035,15.293319742925824,10.242359487118271,6.243888986994271,5000.0,534.0
15.400128648649677,20.626969280538603,24.814999063589234,16.454785207066372,11.227944575177446,7.039914792126815,100.0,924.0
16.385500776128545,21.377900481154498,25.209649455445017,17.565452257874725,12.573052552848772,8.741303578558252,500.0,924.0
15.903042374258789,20.979010121488308,24.978293616255087,12.523704426754634,7.447736679525114,3.4484531847583355,1000.0,924.0
15.80754269248822,21.106301360697763,25.039469836290692,12.94878567090219,7.650027002692646,3.716858527099717,2000.0,924.0
15.856827617847529,20.998709287974734,24.94301578989044,11.908310171799258,6.766428501672053,2.822121999756348,5000.0,924.0
17.19521201700612,20.562685398771464,24.948087681029932,3.824446157925152,0.4569727761598088,-3.9284295060986594,100.0,405.0
16.248651881431456,21.059196782888762,24.977614303029092,15.432375625216274,10.621830723758968,6.703413203618638,500.0,405.0
15.793114756643313,21.28540350080737,25.169115372900713,18.56697748941879,13.074688745254733,9.19097687316139,1000.0,405.0
15.876233411912551,20.964254395050084,24.911880773496193,18.038913735575264,12.950892752437731,9.003266373991622,2000.0,405.0
15.966731723557281,20.9286072955639,24.963371732582196,15.72965829948135,10.767782727474732,6.733018290456435,5000.0,405.0
15.52805713815382,20.741049106099958,24.62647465753716,14.39456507758635,9.181573109640212,5.29614755820301,100.0,880.0
15.903128802146,20.614090374729734,24.81567186101325,2.9612189059017098,-1.7497426666820246,-5.95132415296554,500.0,880.0
16.25960595920133,20.703470551547227,24.87848268028133,11.51637525206123,7.072510659715334,2.897498530981231,1000.0,880.0
16.17615758117263,20.724670224769717,24.89591530997592,15.500272770333893,10.951760126736808,6.780515041530606,2000.0,880.0
16.057212783831204,20.987141897234153,25.029516880454608,16.606987415298015,11.677058301895066,7.634683318674611,5000.0,880.0
15.821633544543715,19.600057074565484,24.691078481316893,12.393263340766651,8.614839810744883,3.5238184039934737,100.0,630.0
15.964341955667528,20.948891018089334,24.89461433338829,16.18977378808563,11.205224725663825,7.259501410364869,500.0,630.0
16.174181146876037,21.22417775366143,25.05990847438465,11.610049754527601,6.5600531477422095,2.72432242701899,1000.0,630.0
16.074466776062778,21.26269106163059,25.141750119079212,10.774227717388612,5.586003431820799,1.7069443743721777,2000.0,630.0
15.94769145136712,20.813060631054434,24.907392649066566,14.547709731109066,9.682340551421753,5.588008533409621,5000.0,630.0
16.78595331510736,20.17392355239475,25.1715400991958,30.95936493429399,27.5713946970066,22.573778150205552,100.0,565.0
15.842424588179455,20.807455892585402,24.988161784324753,10.935778590254472,5.970747285848525,1.7900413941091742,500.0,565.0
16.085863029949707,20.868821836040837,24.962873138686177,15.0925441590582,10.30958535296707,6.215534050321729,1000.0,565.0
15.92357246796388,21.245310948911474,25.0734165032639,15.29684949061101,9.975111009663415,6.147005455310989,2000.0,565.0
16.046336748113852,20.999401517584275,24.994692996361017,13.475428888812694,8.52236411934227,4.527072640565528,5000.0,565.0
15.9824636164041,21.77753521275345,25.539012658566886,29.838337057074757,24.043265460725408,20.28178801491197,100.0,613.0
16.588214303346973,20.82065477013049,24.785410791130026,10.689853808441612,6.457413341658096,2.4926573206585587,500.0,613.0
16.059886135506105,20.775467970423428,24.908851165237763,13.301721688796057,8.586139853878734,4.4527566590643985,1000.0,613.0
15.907211588132682,21.39097798315897,25.221284605467353,16.27364221571468,10.789875820688394,6.959569198380009,2000.0,613.0
16.043952893680462,20.961989829499757,24.94062354164975,11.645882366489516,6.727845430670222,2.749211718520229,5000.0,613.0
15.777077242025783,21.325295019908573,24.455195877776816,11.956060262722652,6.407842484839861,3.277941626971618,100.0,151.0
15.899199957778904,20.90253530199918,25.056817490381718,13.571863761587991,8.568528417367716,4.414246228985178,500.0,151.0
16.107584423906104,21.25110709406988,25.242240124788644,15.92327203000756,10.779749359843784,6.78861632912502,1000.0,151.0
16.09714653618544,20.919716134866356,24.864312457600185,12.204902278070072,7.382332679389158,3.4377363566553285,2000.0,151.0
15.864395713881862,21.0040490952765,24.976490037225275,15.372397277533352,10.232743896138714,6.260302954189939,5000.0,151.0
15.469639508996352,20.893828565820755,24.973044298597493,20.045505700517268,14.621316643692865,10.542100910916126,100.0,985.0
16.05689728345002,20.69763268082773,24.750689193640042,17.5497491261534,12.90901372877569,8.855957215963379,500.0,985.0
16.207653301046072,21.115565670089396,25.04757402350552,12.517032814707136,7.609120445663812,3.6771120922476896,1000.0,985.0
16.100051969630563,20.844335156728732,24.95615678017861,14.140791194183286,9.396508007085117,5.28468638363524,2000.0,985.0
16.113744267925036,21.093508088499142,25.11352910197526,14.638344561311982,9.658580740737875,5.638559727261757,5000.0,985.0
15.372377579409722,21.94605090755379,25.143790693425153,10.808654986573679,4.234981658429611,1.0372418725582477,100.0,845.0
15.815540196602441,20.84898898230709,24.982014198752864,11.098055331712793,6.064606546008143,1.9315813295623698,500.0,845.0
15.648735592774521,21.10258943759817,24.993977993809025,17.080431772070142,11.626577927246494,7.735189371035638,1000.0,845.0
16.210307770945427,20.764812637390065,24.867171058942347,16.47889494281226,11.924390076367622,7.822031654815341,2000.0,845.0
16.09299456127895,20.946413706042364,25.005287328225606,14.705004122174579,9.851584977411164,5.792711355227922,5000.0,845.0
16.62962993987407,21.591922005829872,25.361891288019116,1.0757510468312788,-3.8865410191245218,-7.656510301313766,100.0,404.0
16.1655284966901,20.806708512953378,25.128394589451155,14.692098610660281,10.050918594397004,5.729232517899227,500.0,404.0
15.591729658748484,21.362977621631238,25.13679823190669,12.495851162958878,6.724603200076125,2.9507825898006743,1000.0,404.0
15.999252508905393,21.033035622040046,24.995086775905484,15.309557233248427,10.275774120113773,6.313722966248335,2000.0,404.0
16.029248994414985,20.966893058809895,24.998386933108193,12.366315346228312,7.428671281833402,3.3971774075351036,5000.0,404.0
17.01804303791551,20.086454056323937,24.57658046822214,12.125753425304971,9.057342406896545,4.567215994998342,100.0,156.0
15.81664504613164,20.671564099761753,24.883626280023975,10.582709308844969,5.727790255214856,1.5157280749526336,500.0,156.0
16.225342328371525,20.804973894072297,24.877430198303912,13.10520043006023,8.525568864359457,4.453112560127842,1000.0,156.0
16.048322266498815,20.664737392631174,24.886724706860953,15.47567570661672,10.85926058048436,6.6372732662545815,2000.0,156.0
15.914482166464964,21.044533048839874,24.984240033635587,14.851726095283716,9.721675212908806,5.781968228113094,5000.0,156.0
